date,time,actor,event,category,source_ids,evidence_level,note
2014-09-01,,沈伯洋（筆名「撲馬」）,於《想想論壇》發表〈柯震東震出我國毒品政策的爛瘡〉，作者欄載「本名沈伯洋」,爭議源頭,S-P01,P1,全文無「美沙冬」；未點名任何國家
2021,,蔣萬安,於立法院衛環委員會提案（案次三十一），凍結「強化藥癮治療服務」預算100萬元,關鍵文件,S-P02,P1,提案人為蔣萬安（連署人徐志榮、吳斯懷）
2026-09-22,,信民兩岸研究協會,發布民調：蔣萬安41.7%／沈伯洋40.5%,選情,R6,P3,n=1,076、±3.0%、市話手機7:3
2026-09-29,,TPOC,發布矽樣本：蔣46.1%／沈36.7%,選情,R6,X,AI模擬樣本，不可與電話民調比較
,16:04,國民黨立法院黨團,召開記者會「沈伯洋要把台北『毒』起來毒洋流的船」,事件,R6,P4,
2026-10-02,,沈伯洋,提出校園「反毒四招」（斷來源、導入篩檢、醫療轉介）,政策,R1,P4,性質為篩檢後轉介（SBIRT），非強制採尿
2026-10-03,,國民黨陣營,翻出沈伯洋2014年《想想論壇》舊文,事件,R1,P1,藍營引用逐字屬實
2026-10-03,16:04,徐巧芯,臉書發文〈洋流變毒流？〉,事件,R6,P4,
2026-10-03,,沈伯洋,受訪回應：乾淨針頭是馬政府就開始做,回應,R1,S-M12,P2,引學生論文稱台灣不適合除罪化（原文無此語）
2026-10-03,晚間,蔣萬安,臉書發文：「反毒沒有模糊空間」，逼問社區中心設在哪、提供何種毒品,事件,R6,P4,並要沈「不要拿美沙冬計畫遮掩」
2026-10-03,晚間,杜承哲醫師,發起實名連署「譴責國民黨汙名化毒品防治專業與針具發放作業」,醫界,S-M03,P2,Google實名制、一人限一次
2026-10-04,凌晨,疾管署長羅一鈞,深夜發文「防疫不分藍綠白」，引台大公衛研究,官方,S-M04,P2,預防13,664人感染、效益費用比18.94
2026-10-04,06:00,,蔣萬安臉書留言數超29萬,輿情,S-N01,P3,口徑不一，不宜相加
2026-10-04,11:07,,留言數達37.8萬,輿情,S-C01,P4,發文約14小時（網傳「14小時 38萬」截圖時點）名義上跨越金氏24h紀錄（377004）引爆PTT熱議
2026-10-04,11:22,,杜承哲連署達3,538人,醫界,S-M03,P2,西醫師500+、藥師200+、護理師700+
2026-10-04,,張景森,臉書發言稱瑞士醫療海洛因、荷蘭大麻咖啡廳,事件,S-M14,P2,⚠️此對應說法不在沈伯洋原文
2026-10-04,,網友,翻出蔣萬安2021年立院提案原文，貼至其臉書,事件,R2,P1,「連署」說法為身分錯誤（蔣為提案人）
2026-10-04,,中華民國防疫學會,發表聲明支持蔣萬安，明確反對減害論述,醫界,S-M02,P2,主張依托咪酯非鴉片類、美沙冬不適用
2026-10-04,,黃金舜,投書主張「毒品零容忍≠對成癮者零照顧」並設四道紅線,醫界,S-M06,P2,提醒「1元省19元」不可簡化
2026-10-04,,林頂（前疾管局副局長）,發表2005→2020 HIV數據對比,醫界,S-M08,P2,72%→約1.6%
2026-10-04,,台灣露德協會,發表聲明,醫界,S-M10,P2,
2026-10-04,17:50,,留言數達48萬,輿情,S-N09,P4,
2026-10-04,18:35,台北市衛生局,發新聞稿劃清界線：現行措施與沈伯洋倡議「完全不同」,官方,S-P12,P1,34處藥局+3醫事機構、19台針具機、美沙冬4院區
2026-10-05,16:05,,杜承哲連署達7,357人（自由時報報導）,醫界,S-N05,P3,⚠️時點未定案（Q7）：原記「10-04 21:30」為衍生推定，S-N05唯一出處刊佈於10-05 16:05
2026-10-04,深夜,,留言數破50萬,輿情,S-N03,P3,⚠️網傳「破金氏紀錄」不成立（S-P15）
2026-10-04,,X帳號「大橋底下臨時工」,自曝撰寫留言程式並公開原始碼,輿情,S-M18,P2,用途方向為「反蔣」（不滿小編刪留言）
2026-10-04,,台灣事實查核中心,發布第4132號報告（查蔣萬安Threads帳號主張）,查核,S-M17,P2,⚠️查的不是本議題三核心爭點
2026-10-05,,杜承哲連署人數為自由時報報導,醫界,S-N05,P3,
2026-10-05,,醫師公會全聯會＋台灣精神醫學會,發表聯合聲明（逾30單位具名）,醫界,S-M01,P2,⚠️R5記10-05、R7記10-04，衝突待定案（Q1）
2026-10-05,,黃國昌,專訪指醫界連署「把別人沒講的話塞進嘴裡」,反擊,R5,P4,
2026-10-06,,"RV1/RV2 審查",發現Q6未標二手、時點衝突等2項紅旗,審查,RV1;RV2,-,已全部修正；新增Q7
2026-10-05,,衛福部,公開說明「減害非鼓勵用毒」,官方,R5,P2,⚠️發言者為部長石崇良或次長林靜儀，衝突待定案（Q2）
2026-10-05,,疾管署長羅一鈞,受訪說明現行制度,官方,S-N01,P2,並指舊文「社區提供毒品」沒辦法替他講什麼
2026-10-05,,藍綠,皆表態願意公開辯論,後續,R6,P4,
2026-10-06,,"scraper agent",建立本研究 repo，完成7路調查交叉驗證,研究,R1-R7,-,⚠️Q1–Q7 尚未定案（Q7於獨立審查階段新增）
2026-11-28,,全體,台北市長選舉投票日,選情,R6,P3,併同全國性公民投票